The cow,Patricia Butler,-3.95, 0711991979,CCB, 2026
com show,Patricia Butler,6.95,0711991979,CCB,2006
RAGE 2 com,Patricia Butler,5.95,7326157182253,CCB,2026
lol lol,Patricia Butler,3.95,7326157182253,CCB,2006
get on,Patricia Butler,-2.95,7326157182253,CCB,2006
ere,Patricia Butler,1.95,0711991979,CCB,2006
erw,Patricia Butler,45.95,4603192018240,CCB,2006
jiuhds,Patricia Butler,7.95,4603192018240,CCB,2006
uinfe,Patricia Butler,-8.95,7326157182253,CCB,2008
khyh,Patricia Butler,0.95,0711991979,CCB,2002
smgh,Patricia Butler,4.95,5704692538104,CCB,2007
jeye,Patricia Butler,-5.95,4603192018240,CCB,2005
jyrbjfy,Patricia Butler,8.95,6319208627402,CCB,2026
samba books,Patricia Butler,9.95,6319208627402,CCB,2022
